{
  "train_loss": [
    5.55764302511708,
    4.814647170185681,
    4.209520597225989,
    3.7516065085912547,
    3.4060721578569035,
    3.125766408479685,
    2.8968595269965545,
    2.704712096680986,
    2.545979771570594,
    2.386749068654417,
    2.2743779029527333,
    2.1559392692107924,
    2.0577778392287374,
    1.9689757831190857,
    1.8824880460113016,
    1.802094216404715,
    1.7320748078424517,
    1.6643559921838593,
    1.612929518461952,
    1.5430079785523807
  ],
  "train_ppl": [
    259.2111615579286,
    123.30329955404446,
    67.3242566370235,
    42.58944738368989,
    30.146600317400573,
    22.777345156206994,
    18.117159484701535,
    14.950011912826891,
    12.755719657105658,
    10.878072530978187,
    9.721869184851208,
    8.635997897637143,
    7.828554161345961,
    7.1633359202482545,
    6.569830584976439,
    6.062330010738748,
    5.652369330816469,
    5.2822703307451855,
    5.017488543924596,
    4.67864238210812
  ],
  "val_loss": [
    5.137766942110929,
    4.520659750158137,
    4.163446346918742,
    3.876182982415864,
    3.667914055332993,
    3.4872657313491358,
    3.344103797276815,
    3.226938500548854,
    3.1620598316192625,
    3.1393500674854624,
    3.061796188354492,
    3.0151994358409535,
    2.977434944384026,
    2.9456899975285387,
    2.9477520754843045,
    2.930360200188377,
    2.9521543011520848,
    2.914645865469268,
    2.916433434052901,
    2.916993930123069
  ],
  "val_ppl": [
    170.33497545258072,
    91.89620651949438,
    64.29271623048957,
    48.239731303800404,
    39.17011389302184,
    32.69642456316626,
    28.33517022742234,
    25.202381664532265,
    23.61919742611356,
    23.088855783060634,
    21.365899896909298,
    20.3931576615587,
    19.63738101286538,
    19.023784223027782,
    19.063053223064138,
    18.734377407752042,
    19.147158073708695,
    18.442280197932025,
    18.47527652143366,
    18.48563474391952
  ],
  "epochs": [
    1,
    2,
    3,
    4,
    5,
    6,
    7,
    8,
    9,
    10,
    11,
    12,
    13,
    14,
    15,
    16,
    17,
    18,
    19,
    20
  ],
  "best_val": 2.914645865469268,
  "best_epoch": 18,
  "test_loss": 2.8804125251192034,
  "test_ppl": 17.82162353077715
}