{
  "train_loss": [
    5.783408050479135,
    5.596074713037369,
    5.34065274844416,
    5.1125117174397845,
    4.919151187305393,
    4.752413578671162,
    4.597696092715742,
    4.454414108241583,
    4.317698479423407,
    4.187713286072287,
    4.0645277246515805,
    3.9405103186343577,
    3.8233736778827425,
    3.70680583139321,
    3.590587895691938,
    3.4805534501930864,
    3.3671017127921155,
    3.258414163415555,
    3.1552112370638863,
    3.051180655470735
  ],
  "train_ppl": [
    324.8644604194576,
    269.3669868000025,
    208.64886106759533,
    166.08699501543737,
    136.88637296926703,
    115.86359322220902,
    99.25537683062147,
    86.00574602292392,
    75.01577910116634,
    65.87198821186006,
    58.23739793937533,
    51.44484786740966,
    45.75832204868526,
    40.72352076882553,
    36.25538404647727,
    32.4776918875534,
    28.994371147709785,
    26.00825957190135,
    23.457991765412398,
    21.140289092082188
  ],
  "val_loss": [
    5.694207101879698,
    5.481248919169108,
    5.248576331861091,
    5.06564570051251,
    4.908253609050404,
    4.778776457815459,
    4.66941266782356,
    4.557804255052046,
    4.46666246471983,
    4.373261272546017,
    4.289443943717263,
    4.214081978075432,
    4.1509366411151305,
    4.070740910732385,
    4.011611817099832,
    3.9682008425394693,
    3.9065097563194504,
    3.871820405035308,
    3.826725573973222,
    3.817577182885372
  ],
  "val_ppl": [
    297.1410975392767,
    240.1464436589775,
    190.2951583650671,
    158.48274143011932,
    135.4027416844374,
    118.95870996473182,
    106.6350938147422,
    95.3738331366862,
    87.06565286705415,
    79.30183533292184,
    72.92590631486843,
    67.63204965888175,
    63.493443024804904,
    58.600364150287355,
    55.235828905469475,
    52.889289028921645,
    49.72509604787915,
    48.029740127595396,
    45.91195652903126,
    45.493851405724584
  ],
  "epochs": [
    1,
    2,
    3,
    4,
    5,
    6,
    7,
    8,
    9,
    10,
    11,
    12,
    13,
    14,
    15,
    16,
    17,
    18,
    19,
    20
  ],
  "best_val": 3.817577182885372,
  "best_epoch": 20,
  "test_loss": 3.803070235974861,
  "test_ppl": 44.83863857831524
}