{
  "train_loss": [
    5.695959252064713,
    5.203028313657071,
    4.808600756172713,
    4.497400347585011,
    4.214885675436095,
    3.969717759854163,
    3.7736414007865187,
    3.6063081479000103,
    3.4560063167908273,
    3.3171497644986787,
    3.1928822226075053,
    3.0878083466758843,
    2.983774216341755,
    2.8862201986341853,
    2.7951393808637346,
    2.7195887869976936,
    2.643754580100619,
    2.576005555213766,
    2.4972089496427032,
    2.438811155800399
  ],
  "train_ppl": [
    297.66218975089924,
    181.8220231157334,
    122.56000615011389,
    89.78342196089169,
    67.68642720730789,
    52.96957858812694,
    43.53831699296285,
    36.82983122481374,
    31.690162984877777,
    27.58162429287113,
    24.358533079264706,
    21.92896458296089,
    19.762263124263953,
    17.92542683784383,
    16.364909549431783,
    15.174081182358558,
    14.06591619804291,
    13.14452806395661,
    12.148539413049917,
    11.459409189358107
  ],
  "val_loss": [
    5.419640411030162,
    4.960691411567457,
    4.633244112766151,
    4.387506077506325,
    4.211660484834151,
    4.072042599591342,
    3.9217939925916268,
    3.8139851179989903,
    3.7125905138073545,
    3.6016253139033463,
    3.5400820443124483,
    3.4537111975929955,
    3.3918840812914297,
    3.3460412560087263,
    3.297500734618216,
    3.2477909218181265,
    3.218032055190115,
    3.1663671666925604,
    3.134802146391435,
    3.0903668649268874
  ],
  "val_ppl": [
    225.79791346287732,
    142.69242098825538,
    102.84717132111913,
    80.4395585949058,
    67.46847723242864,
    58.67669325903017,
    50.49094395576726,
    45.33072769042652,
    40.95977607540923,
    36.65776642893369,
    34.46974712155084,
    31.617513684720965,
    29.721898022657,
    28.390121666282703,
    27.04496184750547,
    25.733429922436283,
    24.97891465488626,
    23.721152643599932,
    22.984087907404952,
    21.985142073995156
  ],
  "epochs": [
    1,
    2,
    3,
    4,
    5,
    6,
    7,
    8,
    9,
    10,
    11,
    12,
    13,
    14,
    15,
    16,
    17,
    18,
    19,
    20
  ],
  "best_val": 3.0903668649268874,
  "best_epoch": 20,
  "test_loss": 3.077346923134544,
  "test_ppl": 21.70075219119879
}